Title,Date
"A Love So Beautiful: Season 1: From, Honey","3/24/22"
"Stranger Things: Stranger Things 3: Chapter Eight: The Battle of Starcourt","3/24/22"
"Stranger Things: Stranger Things 3: Chapter One: Suzie, Do You Copy?","3/24/22"
"Stranger Things: Stranger Things 2: Chapter Nine: The Gate","3/24/22"
"Stranger Things: Stranger Things 2: Chapter One: MADMAX","3/24/22"
"Stranger Things: Chapter Eight: The Upside Down","3/24/22"
"Beyond Stranger Things: Beyond 2: Mind Blown","3/24/22"
"Stranger Things: Chapter One: The Vanishing of Will Byers","3/24/22"
"Beyond Stranger Things: Beyond 2: Mad for Max","3/24/22"
"Stranger Things: Stranger Things 3: Chapter Seven: The Bite","3/23/22"
"Stranger Things: Stranger Things 3: Chapter Six: E Pluribus Unum","3/23/22"
"Stranger Things: Stranger Things 3: Chapter Five: The Flayed","3/23/22"
"Stranger Things: Stranger Things 3: Chapter Four: The Sauna Test","3/23/22"
"Stranger Things: Stranger Things 3: Chapter Three: The Case of the Missing Lifeguard","3/21/22"
"Stranger Things: Stranger Things 3: Chapter Two: The Mall Rats","3/21/22"
"Stranger Things: Stranger Things 2: Chapter Eight: The Mind Flayer","3/19/22"
"Stranger Things: Stranger Things 2: Chapter Seven: The Lost Sister","3/18/22"
"Stranger Things: Stranger Things 2: Chapter Six: The Spy","3/18/22"
"Stranger Things: Stranger Things 2: Chapter Five: Dig Dug","3/18/22"
"Stranger Things: Stranger Things 2: Chapter Four: Will the Wise","3/18/22"
"Stranger Things: Stranger Things 2: Chapter Three: The Pollywog","3/18/22"
"Stranger Things: Stranger Things 2: Chapter Two: Trick or Treat, Freak","3/18/22"
"Stranger Things: Chapter Seven: The Bathtub","3/16/22"
"Stranger Things: Chapter Six: The Monster","3/16/22"
"Stranger Things: Chapter Five: The Flea and the Acrobat","3/3/22"
"Stranger Things: Chapter Four: The Body","3/2/22"
"Stranger Things: Chapter Three: Holly, Jolly","3/2/22"
"Stranger Things: Chapter Two: The Weirdo on Maple Street","3/1/22"
"A Love So Beautiful: Season 1: Dear My Honey","3/1/22"
"A Love So Beautiful: Season 1: Begin Again","3/1/22"
"A Love So Beautiful: Season 1: Your Wedding","3/1/22"
"Peppa Pig: Season 6: The Queen/Desert Island/Perfume/The Children's Fete","2/27/22"
"Avatar: The Last Airbender: Book 1: The Avatar Returns","2/26/22"
"Avatar: The Last Airbender: Book 1: The Boy in the Iceberg","2/26/22"
"A Love So Beautiful: Season 1: It's Been A While","2/26/22"
"A Love So Beautiful: Season 1: Farewell Formula","2/26/22"
"The Secret Life of Pets 2","2/26/22"
"H2O: Just Add Water: Season 1: Metamorphosis","2/25/22"
"A Love So Beautiful: Season 1: Love Generation","2/25/22"
"A Love So Beautiful: Season 1: First Kiss","2/25/22"
"A Love So Beautiful: Season 1: Collect Our Dreams","2/25/22"
"A Love So Beautiful: Season 1: University, University, University!","2/23/22"
"A Love So Beautiful: Season 1: Four-Leaf Clover","2/23/22"
"A Love So Beautiful: Season 1: Raindrop","2/23/22"
"A Love So Beautiful: Season 1: Declaration of Love","2/23/22"
"A Love So Beautiful: Season 1: Episode 1","2/23/22"
"A Love So Beautiful: Season 1: White Christmas","2/23/22"
"Sam & Cat: Season 1B: #YayDay","2/21/22"
"Sam & Cat: Season 1B: #MadAboutShoe","2/21/22"
"A Love So Beautiful: Season 1: Don't Worry.mp3","2/21/22"
"Sam & Cat: Season 1B: #PeezyB","2/19/22"
"Yo soy Betty, la fea: Season 1: Episode 1","2/19/22"
"A Love So Beautiful: Season 1: We Need to Talk","2/19/22"
"A Love So Beautiful: Season 1: Happy Birthday","2/19/22"
"A Love So Beautiful: Season 1: Game of Truth","2/18/22"
"Sam & Cat: Season 1B: #BlueDogSoda","2/14/22"
"Sam & Cat: Season 1B: #GettingWiggy","2/14/22"
"A Love So Beautiful: Season 1: Don't go","2/14/22"
"Nanny McPhee and the Big Bang","2/14/22"
"A Love So Beautiful: Season 1: Drama Festival (feat. Let's Go, Baby)","2/14/22"
"A Love So Beautiful: Season 1: Field Day","2/14/22"
"A Love So Beautiful: Season 1: Pick Me Up!","2/13/22"
"A Love So Beautiful: Season 1: At the Karaoke","2/13/22"
"A Love So Beautiful: Season 1: Love Letter","2/10/22"
"Girl from Nowhere: Season 1: The Ugly Truth","2/10/22"
"Miraculous: Tales of Ladybug & Cat Noir: Season 1: Mr. Pigeon","2/7/22"
"Miraculous: Tales of Ladybug & Cat Noir: Season 1: The Bubbler","2/7/22"
"The SpongeBob Movie: Sponge on the Run","2/7/22"
"Sam & Cat: Season 1B: #WeStealARockstar","2/7/22"
"Sam & Cat: Season 1B: #KnockOut","2/7/22"
"Masha and the Bear: Season 4: No Work All Carnival / Happy New Year â€¦ Again! / Spanish Tunes","2/7/22"
"SpongeBob SquarePants: Season 9: Extreme Spots/Squirrel Record","2/7/22"
"Sam & Cat: Season 1B: #SuperPsycho","2/6/22"
"Sam & Cat: Season 1B: #FirstClassProblems","2/6/22"
"Sam & Cat: Season 1B: #DroneBabyDrone","2/6/22"
"Hotel Transylvania 3: Summer Vacation","2/6/22"
"All of Us Are Dead: Season 1: Episode 1","2/6/22"
